<resources>
    <string name="app_name">Water Diary</string>

    <string name="only_digit_character" translatable="false">0123456789abcdefghijklmnopqrstuvwxyz ABCDEFGHIJKLMNOPQRSTUVWXYZ</string>
    <string name="only_digit" translatable="false">0123456789</string>
    <string name="only_character" translatable="false">abcdefghijklmnopqrstuvwxyz ABCDEFGHIJKLMNOPQRSTUVWXYZ</string>


    <string name="str_splash_title">Every drop\nof water counts</string>

    <!-- Language -->

    <string name="str_english">English</string>
    <string name="str_french">French</string>
    <string name="str_german">German</string>
    <string name="str_spanish">Spanish</string>
    <string name="str_hindi">Hindi</string>

    <!-- onBoarding -->

    <string name="str_choose_language">Choose Language</string>
    <string name="str_back">Back</string>
    <string name="str_next">Next</string>
    <string name="str_allow">Allow</string>
    <string name="str_get_started">Get Started</string>
    <string name="str_your_name">Your Name</string>
    <string name="str_gender">Gender</string>
    <string name="str_male">Male</string>
    <string name="str_female">Female</string>
    <string name="str_height">Height</string>
    <string name="str_cm">cm</string>
    <string name="str_feet">feet</string>
    <string name="str_kg">kg</string>
    <string name="str_lb">lb</string>
    <string name="str_you_should_drink_at_least">You should drink at least</string>
    <string name="str_to_reach_your_daily_goal">water to reach your daily goal</string>
    <string name="str_set_your_goal_manually">SET YOUR GOAL MANUALLY</string>
    <string name="str_storage_permission">Please allow Water Diary access to photos, media and files on your device.</string>
    <!-- Change permissions in your device\'s app settings. Give Water Diary access to file on your device. -->
    <string name="str_your_name_validation">Please enter your name.</string>
    <string name="str_valid_name_validation">Please enter valid name.</string>
    <string name="str_height_validation">Please enter height.</string>
    <string name="str_set_daily_goal">Set daily goal</string>
    <string name="str_set_daily_goal_validation">Please set daily goal.</string>
    <string name="str_save">Save</string>
    <string name="str_note">Note: Your suggested daily goal is a rough estimate based on your body weight and should not be used for medical purposes. To obtain your specific hydration needs, please consult your physician.</string>

    <string name="str_wakeup_time">Wake-up Time</string>
    <string name="str_bed_time">Bed Time</string>
    <string name="str_goal_consume">You need to consume $1 to reach your goal of $2.</string>
    <string name="str_min">Mins</string>
    <string name="str_hour">Hour</string>

    <!-- menu -->

    <string name="str_hello">Hello,</string>

    <string name="str_drink_water">Drink Water</string>
    <string name="str_drink_history">Drink History</string>
    <string name="str_settings">Settings</string>
    <string name="str_drink_report">Drink Report</string>
    <string name="str_rate_us">Rate</string>
    <string name="str_share">Share</string>

    <string name="str_home">Home</string>
    <string name="str_faqs">FAQs</string>
    <string name="str_contact">Contact</string>

    <!-- home -->

    <string name="str_share_text">Hooray...! I drank $1 of water today. Join me to keep hydrated with Water Diary $2</string>

    <string name="str_next_reminder">NEXT REMINDER at $1</string>
    <string name="str_history">History</string>

    <string name="mon">Mon</string>
    <string name="tue">Tue</string>
    <string name="wed">Wed</string>
    <string name="thu">Thu</string>
    <string name="fri">Fri</string>
    <string name="sat">Sat</string>
    <string name="sun">Sun</string>

    <string name="str_your_goal">Your goal</string>
    <string name="str_consumed">Consumed</string>
    <string name="str_container">Container</string>

    <string name="str_welcome">Welcome</string>
    <string name="str_input_some_info_b4_we_get_started">Enter the information below and help us to customize your hydration plan.</string>
    <string name="str_choose_unit">Choose Weight Unit</string>
    <string name="str_choose_capacity_unit">Choose Capacity Unit</string>
    <string name="str_weight">Weight</string>
    <string name="str_skip">Skip</string>
    <string name="str_weight_validation">Please enter weight.</string>
    <string name="str_daily_goal_reached">Daily goal reached!</string>
    <string name="str_share_your_achievement_with_your_friends">Share your achievement with your friends!</string>

    <!-- home set goal dialog -->

    <string name="str_ok">Ok</string>
    <string name="str_cancel">Cancel</string>
    <string name="str_total">TOTAL</string>
    <string name="str_set_goal">Set Goal</string>
    <string name="str_set_goal_validation">Please set a goal.</string>

    <!-- reminder -->

    <string name="str_edit">Edit</string>
    <string name="str_delete">Delete</string>

    <string name="str_automatic">Automatic</string>
    <string name="str_manual">Manual</string>

    <string name="str_delete_all_reminder">DELETE ALL REMINDERS</string>

    <string name="str_off">Off</string>
    <string name="str_silent">Silent</string>
    <string name="str_auto">Auto</string>
    <string name="str_custom_sound">Custom sound</string>
    <string name="str_vibration">Vibration</string>
    <string name="str_advance_settings">ADVANCED SETTINGS</string>
    <string name="str_you_should_not_drink_more_then_target">You should not drink more than $1 water a day.</string>

    <string name="str_set_reminder">Set Reminder</string>
    <string name="str_reminder">Reminders</string>
    <!--<string name="str_set_alarm_validation">You have already added alarm for this time.</string>
    <string name="str_successfully_set_alarm">You have successfully added this alarm.</string>
    <string name="str_successfully_cancel_alarm">You have successfully canceled this alarm.</string>-->
    <string name="str_set_alarm_validation">You have already added reminder for this time.</string>
    <string name="str_successfully_set_alarm">You have successfully added this reminder.</string>
    <string name="str_successfully_cancel_alarm">You have successfully canceled this reminder.</string>
    <string name="str_reminder_remove_confirm_message">Are you sure? Do you want to delete reminder?</string>
    <string name="str_reminder_remove_all_confirm_message">Are you sure? Do you want to delete all reminders?</string>
    <string name="str_yes">Yes</string>
    <string name="str_no">No</string>
    <string name="str_set_specific_time_reminder">Manually set reminder</string>
    <string name="str_set_specific_time_duration_reminder">Auto reminder</string>
    <string name="str_from">From</string>
    <string name="str_to">To</string>
    <string name="str_from_to_validation">Please select both from &amp; to time.</string>
    <string name="str_from_to_invalid_validation">Please select valid wake-up &amp; bed time.</string>
    <string name="str_interval">Interval</string>
    <string name="str_minutes">Minutes</string>
    <string name="str_every">Every</string>
    <string name="str_no_reminders_added_yet">No reminders added yet!</string>
    <string name="str_no_drink_history_found">No drink history found!</string>

    <!-- settings -->


    <string name="str_select_your_native_language">Select your native language</string>
    <string name="str_my_profile">My Profile</string>
    <string name="str_personal_data_daily_goal_settings">Personal data, Daily goal settings</string>
    <string name="str_disable_notification">Disable Notification</string>
    <string name="str_if_goal_is_achieved">If goal is achieved</string>
    <string name="str_goal">Goal</string>


    <string name="str_about_us">About Us</string>
    <string name="str_contact_us">Contact Us</string>
    <string name="str_feedback">Feedback</string>
    <string name="str_language">Language</string>
    <string name="str_privacy_policy">Privacy Policy</string>
    <string name="str_faq">FAQ</string>
    <string name="str_backup_and_restore">Backup &amp; Restore</string>
    <string name="str_backup">Backup</string>
    <string name="str_restore">Restore</string>
    <string name="str_change_weight">Change Weight / Capacity</string>

    <!-- notification -->

    <string name="str_today_completed">Today Completed:</string>
    <string name="str_have_u_had_any_water_yet">Have you had any water yet?</string>
    <string name="str_today">Today</string>
    <string name="str_yesterday">Yesterday</string>
    <string name="str_custom_date">Custom Date</string>
    <string name="str_snooze">Snooze</string>
    <string name="str_snooze_for">Snooze for</string>

    <!-- drink report -->

    <string name="str_week">WEEK</string>
    <string name="str_month">MONTH</string>
    <string name="str_year">YEAR</string>

    <!-- back and restore -->

    <string name="str_restore_msg">Your data has been restored successfully.</string>
    <string name="str_backup_msg">Your data has been backed up successfully.</string>

    <!-- Add custom -->

    <string name="str_customize">Customize</string>
    <string name="str_customize_your_drink">Customize your drink</string>
    <string name="str_capacity">Capacity ($1)</string>

    <string name="str_enter_value_validation">Please enter value.</string>

    <string name="add_widget">Add widget</string>

    <string-array name="month_list">
        <item>Jan</item>
        <item>Feb</item>
        <item>Mar</item>
        <item>Apr</item>
        <item>May</item>
        <item>Jun</item>
        <item>Jul</item>
        <item>Aug</item>
        <item>Sep</item>
        <item>Oct</item>
        <item>Nov</item>
        <item>Dec</item>
    </string-array>


    <!-- FAQ -->

    <string name="faq_q">Q:</string>
    <string name="faq_a">A:</string>

    <string name="faq_question_1">Why doesn\'t the Reminder work?</string>
    <string name="faq_question_2">What if the drink target recommended is not suitable for me?</string>
    <string name="faq_question_3">How to change height and weight?</string>
    <string name="faq_question_4">How to add drink water?</string>
    <string name="faq_question_5">How to backup data?</string>
    <string name="faq_question_6">How to restore data?</string>
    <string name="faq_question_7">How to add customize cups?</string>
    <string name="faq_question_8">How to check my drink water history?</string>
    <string name="faq_question_9">How to check my drink water report?</string>
    <string name="faq_question_10">How many languages supported?</string>

    <string name="faq_answer_1">There are several reasons. You may check settings as follows:\n1. Did you set reminder start &amp; end time appropriately?\n2. Have you enabled Water Diary to auto-start on your phone?\n3. Have you installed third-party apps like CleanMaster which may prohibit Water Diary running in the background and send notifications?\n4. Have you turned off the reminder?</string>
    <string name="faq_answer_2">You need to tap on menu and select "Settings" from the list of menu options. Inside Settings, You can edit the drink target by clicking on \"My Profile\".</string>
    <string name="faq_answer_3">You need to tap on menu and select "Settings" from the list of menu options. Inside Settings, You can edit height and weight by clicking on \"My Profile\".</string>
    <string name="faq_answer_4">There are 2 ways:\n1. You can click on the plus icon to add on the drink log.\n2. You can also add drink log by clicking on the application widget from android\'s home screen or today\'s widget from iPhone.</string>
    <string name="faq_answer_5">You need to tap on menu and select "Settings" from the list of menu options. Inside Settings, backup data to your phone.</string>
    <string name="faq_answer_6">You need to tap on menu and select "Settings" from the list of menu options. Inside Settings, restore data from your phone.</string>
    <string name="faq_answer_7">You can click on the change container icon on the top left of the home screen, then tap on your choice of container. You can also add your customized drink.</string>
    <string name="faq_answer_8">You can click on the menu and select Drink History then view your drink history.</string>
    <string name="faq_answer_9">You can click on the menu and select Drink Report option then view using following 3 options:\n1. Weekly Report\n2. Monthly Report\n3. Yearly Report</string>
    <string name="faq_answer_10">The application supports 5 different languages - English, French, German, Spanish and Hindi.</string>

</resources>