<resources>

    <!-- Base application theme. -->
    <style name="AppTheme" parent="Theme.AppCompat.Light.NoActionBar">
        <item name="colorPrimary">@color/colorPrimary</item>
        <item name="colorPrimaryDark">@color/colorPrimaryDark</item>
        <item name="colorAccent">@color/colorAccent</item>
    </style>

    <style name="AppThemeSplash" parent="Theme.AppCompat.Light.NoActionBar">
        <!-- Customize your theme here. -->
        <item name="colorPrimary">@color/colorPrimary</item>
        <item name="colorPrimaryDark">@color/colorPrimaryDark</item>
        <item name="colorAccent">@color/colorAccent</item>
        <item name="android:windowBackground">@color/colorPrimary</item>
        <item name="android:soundEffectsEnabled">true</item>
        <item name="android:hapticFeedbackEnabled">true</item>
    </style>

    <style name="AppTheme2" parent="Theme.AppCompat.Light.NoActionBar">
        <item name="colorPrimary">@color/colorPrimary2</item>
        <item name="colorPrimaryDark">@color/colorPrimaryDark2</item>
        <item name="colorAccent">@color/colorAccent2</item>
    </style>

    <style name="MyDatePickerDialogTheme" parent="android:Theme.Material.Light.Dialog">
        <item name="android:colorAccent">?attr/colorPrimaryDark</item>
    </style>

    <style name="DialogAnimation">
        <item name="android:windowEnterAnimation">@anim/slide_up</item>
        <!--<item name="android:windowExitAnimation">@anim/slide_bottom</item>-->
    </style>

    <style name="Theme.Transparent" parent="android:Theme">
        <item name="android:windowIsTranslucent">true</item>
        <item name="android:windowBackground">@android:color/transparent</item>
        <item name="android:windowContentOverlay">@null</item>
        <item name="android:windowNoTitle">true</item>
        <item name="android:windowIsFloating">true</item>
        <item name="android:backgroundDimEnabled">false</item>
        <!--<item name="android:windowTranslucentStatus">true</item>
        <item name="android:windowTranslucentNavigation">true</item>-->
    </style>

    <style name="my_cardview">
        <item name="android:layout_width">fill_parent</item>
        <item name="android:layout_height">wrap_content</item>
        <item name="android:orientation">vertical</item>
        <item name="android:background">@drawable/drawable_cardview</item>
    </style>

    <style name="my_cardview2">
        <item name="android:layout_width">fill_parent</item>
        <item name="android:layout_height">wrap_content</item>
        <item name="android:orientation">vertical</item>
        <item name="android:padding">@dimen/dp_20</item>
        <item name="android:background">@drawable/drawable_cardview_2</item>
    </style>

    <!-- ===============================================  -->


    <style name="text_bold">
        <item name="android:fontFamily">@font/sf_pro_display_bold</item>
    </style>

    <style name="text_semibold">
        <item name="android:fontFamily">@font/sf_pro_display_semibold</item>
    </style>


    <!-- ===============================================  -->



    <style name="my_lbl">
        <item name="android:layout_width">wrap_content</item>
        <item name="android:layout_height">wrap_content</item>
        <item name="android:layout_marginTop">@dimen/dp_20</item>
        <item name="android:layout_marginBottom">@dimen/dp_5</item>
        <item name="android:textColor">@color/black</item>
        <item name="android:textSize">@dimen/dp_12</item>
        <item name="android:includeFontPadding">false</item>
        <item name="android:fontFamily">@font/calibri_light</item>
    </style>

    <style name="my_lbl_bold">
        <item name="android:layout_width">wrap_content</item>
        <item name="android:layout_height">wrap_content</item>
        <item name="android:textColor">@color/black</item>
        <item name="android:textSize">@dimen/dp_14</item>
        <item name="android:includeFontPadding">false</item>
        <item name="android:fontFamily">@font/calibri_bold</item>
    </style>

    <style name="my_button">
        <item name="android:layout_width">wrap_content</item>
        <item name="android:layout_height">wrap_content</item>
        <item name="android:minWidth">150dp</item>
        <item name="android:background">@drawable/drawable_button</item>
        <item name="android:layout_gravity">center_horizontal</item>
        <item name="android:layout_centerHorizontal">true</item>
        <item name="android:gravity">center</item>
        <item name="android:textAllCaps">false</item>
        <item name="android:textColor">@color/white</item>
        <item name="android:textSize">@dimen/dp_17</item>
        <item name="android:singleLine">true</item>
        <item name="android:lines">1</item>
        <item name="android:ellipsize">end</item>
        <item name="android:includeFontPadding">false</item>
        <item name="android:fontFamily">@font/calibri_light</item>
    </style>

    <style name="my_button2">
        <item name="android:layout_width">wrap_content</item>
        <item name="android:layout_height">wrap_content</item>
        <item name="android:background">@drawable/drawable_button</item>
        <item name="android:layout_gravity">center</item>
        <item name="android:layout_centerHorizontal">true</item>
        <item name="android:layout_centerVertical">true</item>
        <item name="android:gravity">center</item>
        <item name="android:textAllCaps">false</item>
        <item name="android:textColor">@color/white</item>
        <item name="android:textSize">@dimen/dp_11</item>
        <item name="android:singleLine">true</item>
        <item name="android:lines">1</item>
        <item name="android:ellipsize">end</item>
        <item name="android:includeFontPadding">false</item>
        <item name="android:fontFamily">@font/calibri_regular</item>
    </style>

    <!-- ===============================================  -->

    <style name="vertical_line">
        <item name="android:layout_width">1dp</item>
        <item name="android:layout_height">fill_parent</item>
        <item name="android:background">@color/line</item>
    </style>

    <style name="horizontal_line">
        <item name="android:layout_width">fill_parent</item>
        <item name="android:layout_height">1dp</item>
        <item name="android:background">@color/line</item>
    </style>

    <!-- ===============================================  -->

    <style name="toolbar">
        <item name="android:layout_width">match_parent</item>
        <item name="android:layout_height">wrap_content</item>
        <item name="android:background">@color/colorPrimaryDark</item>
        <item name="android:fitsSystemWindows">true</item>
        <item name="android:minHeight">?attr/actionBarSize</item>
        <item name="android:paddingStart">@dimen/dp_5</item>
        <item name="android:paddingEnd">@dimen/dp_5</item>
    </style>
    <!--<item name="android:background">?attr/colorPrimaryDark</item>-->

    <style name="toolbar_main_title">
        <item name="android:layout_width">wrap_content</item>
        <item name="android:layout_height">wrap_content</item>
        <item name="android:layout_centerVertical">true</item>
        <item name="android:clickable">false</item>
        <item name="android:includeFontPadding">false</item>
        <item name="android:padding">@dimen/dp_3</item>
        <item name="android:singleLine">true</item>
        <item name="android:ellipsize">end</item>
        <item name="android:textColor">@color/rdo_gender_select</item>
        <item name="android:textSize">@dimen/dp_14</item>
        <item name="android:fontFamily">@font/calibri_light</item>
    </style>

    <!-- =====================  -->

    <style name="input_group_block">
        <item name="android:layout_width">wrap_content</item>
        <item name="android:layout_height">fill_parent</item>
        <item name="android:background">@drawable/drawable_input_group_background</item>
    </style>

    <style name="input_group_image">
        <item name="android:layout_width">@dimen/dp_17</item>
        <item name="android:layout_height">@dimen/dp_17</item>
        <item name="android:layout_centerInParent">true</item>
        <item name="android:layout_marginStart">@dimen/dp_10</item>
        <item name="android:layout_marginEnd">@dimen/dp_10</item>
    </style>

    <!-- ===================== -->

    <style name="panel">
        <item name="android:layout_width">fill_parent</item>
        <item name="android:layout_height">wrap_content</item>
        <item name="android:orientation">vertical</item>
        <item name="android:layout_marginTop">@dimen/dp_20</item>
        <item name="android:background">@drawable/drawable_rounded_white_back</item>
    </style>

    <style name="panel_header">
        <item name="android:layout_width">fill_parent</item>
        <item name="android:layout_height">wrap_content</item>
        <item name="android:orientation">vertical</item>
        <item name="android:background">@drawable/drawable_panel_header_back</item>
    </style>

    <style name="panel_body">
        <item name="android:layout_width">fill_parent</item>
        <item name="android:layout_height">wrap_content</item>
        <item name="android:orientation">vertical</item>
        <item name="android:padding">@dimen/dp_10</item>
    </style>

    <style name="panel_title">
        <item name="android:layout_width">wrap_content</item>
        <item name="android:layout_height">wrap_content</item>
        <item name="android:padding">@dimen/dp_10</item>
        <item name="android:textSize">@dimen/dp_12</item>
        <item name="android:textColor">@color/white</item>
        <item name="android:includeFontPadding">false</item>
        <item name="android:fontFamily">@font/calibri_bold</item>
    </style>

    <!-- ===================== -->

    <style name="my_edittext_super">
        <item name="android:layout_width">match_parent</item>
        <item name="android:layout_height">wrap_content</item>
        <item name="android:background">@drawable/drawable_edittext_background</item>
        <item name="android:orientation">horizontal</item>
    </style>

    <style name="my_edittext_transparent">
        <item name="android:layout_width">match_parent</item>
        <item name="android:layout_height">wrap_content</item>
        <item name="android:background">@drawable/drawable_edittext_transparent</item>
        <item name="android:layout_weight">1</item>
        <item name="android:singleLine">true</item>
        <item name="android:maxLines">1</item>
        <item name="android:gravity">center|start</item>
        <item name="android:textColor">@color/et_text</item>
        <item name="android:textColorHint">@color/et_placeholder</item>
        <item name="android:textSize">@dimen/dp_12</item>
        <item name="android:includeFontPadding">false</item>
        <item name="android:fontFamily">@font/calibri_regular</item>
    </style>

    <style name="my_input_group_edittext">
        <item name="android:layout_width">match_parent</item>
        <item name="android:layout_height">wrap_content</item>
        <item name="android:background">@drawable/drawable_input_group_edittext</item>
        <item name="android:singleLine">true</item>
        <item name="android:maxLines">1</item>
        <item name="android:gravity">center|start</item>
        <item name="android:textColor">@color/et_text</item>
        <item name="android:textColorHint">@color/et_placeholder</item>
        <item name="android:textSize">@dimen/dp_12</item>
        <item name="android:includeFontPadding">false</item>
        <item name="android:fontFamily">@font/calibri_regular</item>
    </style>

    <style name="my_edittext">
        <item name="android:layout_width">match_parent</item>
        <item name="android:layout_height">wrap_content</item>
        <item name="android:background">@drawable/drawable_edittext</item>
        <item name="android:singleLine">true</item>
        <item name="android:maxLines">1</item>
        <item name="android:gravity">center|start</item>
        <item name="android:textColor">@color/et_text</item>
        <item name="android:textColorHint">@color/et_placeholder</item>
        <item name="android:textSize">@dimen/dp_12</item>
        <item name="android:includeFontPadding">false</item>
        <item name="android:fontFamily">@font/calibri_regular</item>
    </style>

    <style name="my_textarea">
        <item name="android:layout_width">match_parent</item>
        <item name="android:layout_height">wrap_content</item>
        <item name="android:background">@drawable/drawable_edittext</item>
        <item name="android:gravity">top|start</item>
        <item name="android:minLines">5</item>
        <item name="android:maxLines">5</item>
        <item name="android:textColor">@color/et_text</item>
        <item name="android:textColorHint">@color/et_placeholder</item>
        <item name="android:textSize">@dimen/dp_12</item>
        <item name="android:includeFontPadding">false</item>
        <item name="android:inputType">textMultiLine|textCapSentences</item>
        <item name="android:fontFamily">@font/calibri_regular</item>
    </style>

    <style name="spinner_with_arrow" >
        <item name="android:layout_width">fill_parent</item>
        <item name="android:layout_height">wrap_content</item>
        <item name="android:background">@drawable/drawable_spinner_with_arrow</item>
        <item name="android:gravity">center|start</item>
        <item name="android:textSize">@dimen/sp_12</item>
        <item name="android:textColorHint">@color/et_placeholder</item>
        <item name="android:textColor">@color/et_text</item>
        <item name="android:fontFamily">@font/calibri_regular</item>
        <item name="android:singleLine">true</item>
    </style>


    <style name="my_value">
        <item name="android:layout_width">wrap_content</item>
        <item name="android:layout_height">wrap_content</item>
        <item name="android:textColor">@color/et_text</item>
        <item name="android:textSize">@dimen/dp_18</item>
        <item name="android:padding">@dimen/dp_10</item>
        <item name="android:includeFontPadding">false</item>
        <item name="android:fontFamily">@font/calibri_regular</item>
    </style>

</resources>