<?xml version="1.0" encoding="utf-8"?>
<RelativeLayout
    xmlns:android="http://schemas.android.com/apk/res/android"
    xmlns:app="http://schemas.android.com/apk/res-auto"
    xmlns:tools="http://schemas.android.com/tools"
    android:layout_width="match_parent"
    android:layout_height="match_parent"
    android:background="@color/white">

    <androidx.appcompat.widget.AppCompatImageView
        android:layout_width="wrap_content"
        android:layout_height="@dimen/dp_80"
        android:background="@drawable/water_bowl"></androidx.appcompat.widget.AppCompatImageView>

    <androidx.appcompat.widget.AppCompatTextView
        android:layout_width="wrap_content"
        android:layout_height="wrap_content"
        android:layout_marginStart="@dimen/dp_80"
        android:layout_marginTop="@dimen/dp_15"
        android:text="Username"
        android:textSize="@dimen/sp_30"></androidx.appcompat.widget.AppCompatTextView>

    <ImageView
        android:id="@+id/imageView8"
        android:layout_width="100dp"
        android:layout_height="100dp"
        app:srcCompat="@drawable/ic_male_normal"
        tools:visibility="invisible" />

    <ImageView
        android:id="@+id/imageView11"
        android:layout_width="100dp"
        android:layout_height="100dp"
        android:layout_marginEnd="@dimen/dp_10"
        android:layout_marginRight="@dimen/dp_10"
        app:srcCompat="@drawable/ic_female_normal" />

    <RelativeLayout
        android:layout_width="wrap_content"
        android:layout_height="wrap_content"
        android:layout_marginTop="@dimen/dp_110"
        android:layout_marginBottom="@dimen/dp_30">

        <LinearLayout
            android:layout_width="match_parent"
            android:layout_height="wrap_content">

            <androidx.appcompat.widget.AppCompatImageView
                android:layout_width="@dimen/dp_40"
                android:layout_height="match_parent"
                android:background="@drawable/home"></androidx.appcompat.widget.AppCompatImageView>

            <androidx.appcompat.widget.AppCompatButton
                android:layout_width="wrap_content"
                android:layout_height="wrap_content"
                android:background="@color/white"
                android:gravity="left"
                android:text="Home"></androidx.appcompat.widget.AppCompatButton>
        </LinearLayout>

        <LinearLayout
            android:layout_width="match_parent"
            android:layout_height="wrap_content"
            android:layout_marginTop="@dimen/dp_50"
            android:layout_marginBottom="@dimen/dp_50">

            <androidx.appcompat.widget.AppCompatImageView
                android:layout_width="@dimen/dp_40"
                android:layout_height="match_parent"
                android:background="@drawable/health_tips"></androidx.appcompat.widget.AppCompatImageView>

            <androidx.appcompat.widget.AppCompatButton
                android:layout_width="wrap_content"
                android:layout_height="wrap_content"
                android:background="@color/white"
                android:gravity="left"
                android:text="History"></androidx.appcompat.widget.AppCompatButton>
        </LinearLayout>

        <LinearLayout
            android:layout_width="match_parent"
            android:layout_height="wrap_content"
            android:layout_marginTop="@dimen/dp_100"
            android:layout_marginBottom="@dimen/dp_100">

            <androidx.appcompat.widget.AppCompatImageView
                android:layout_width="@dimen/dp_40"
                android:layout_height="match_parent"
                android:background="@drawable/notification_settings"></androidx.appcompat.widget.AppCompatImageView>

            <androidx.appcompat.widget.AppCompatButton
                android:layout_width="wrap_content"
                android:layout_height="wrap_content"
                android:background="@color/white"
                android:text="Notification Settings"></androidx.appcompat.widget.AppCompatButton>
        </LinearLayout>

        <LinearLayout
            android:layout_width="match_parent"
            android:layout_height="wrap_content"
            android:layout_marginTop="@dimen/dp_150"
            android:layout_marginBottom="@dimen/dp_150">

            <androidx.appcompat.widget.AppCompatImageView
                android:layout_width="@dimen/dp_40"
                android:layout_height="@dimen/dp_40"
                android:background="@drawable/do_more_stretching"></androidx.appcompat.widget.AppCompatImageView>

            <androidx.appcompat.widget.AppCompatButton
                android:layout_width="wrap_content"
                android:layout_height="wrap_content"
                android:background="@color/white"
                android:text="Do more stretching"></androidx.appcompat.widget.AppCompatButton>
        </LinearLayout>

        <LinearLayout
            android:layout_width="match_parent"
            android:layout_height="wrap_content"
            android:layout_marginTop="@dimen/dp_200"
            android:layout_marginBottom="@dimen/dp_200">

            <androidx.appcompat.widget.AppCompatImageView
                android:layout_width="@dimen/dp_40"
                android:layout_height="match_parent"
                android:background="@drawable/health_tips"></androidx.appcompat.widget.AppCompatImageView>

            <androidx.appcompat.widget.AppCompatButton
                android:layout_width="wrap_content"
                android:layout_height="wrap_content"
                android:background="@color/white"
                android:text="Health tips"></androidx.appcompat.widget.AppCompatButton>
        </LinearLayout>

        <LinearLayout
            android:layout_width="match_parent"
            android:layout_height="wrap_content"
            android:layout_marginTop="@dimen/dp_250"
            android:layout_marginBottom="@dimen/dp_250">

            <androidx.appcompat.widget.AppCompatImageView
                android:layout_width="@dimen/dp_40"
                android:layout_height="match_parent"
                android:background="@drawable/privacy_policy"></androidx.appcompat.widget.AppCompatImageView>

            <androidx.appcompat.widget.AppCompatButton
                android:layout_width="wrap_content"
                android:layout_height="wrap_content"
                android:background="@color/white"
                android:text="Privacy Policy"></androidx.appcompat.widget.AppCompatButton>
        </LinearLayout>
    </RelativeLayout>

</RelativeLayout>
